symbol,error
UTIQUE,Missing 'marketCap' in stock info
MIDINDIA,Missing 'marketCap' in stock info
NAPEROL,Missing 'marketCap' in stock info
PANCM,Missing 'marketCap' in stock info
COCKERILL,Missing 'marketCap' in stock info
BARODARY,Missing 'marketCap' in stock info
PHTRADING,Missing 'marketCap' in stock info
QUESTCAP,Missing 'marketCap' in stock info
KRIFILIND,Missing 'marketCap' in stock info
JASCH,Missing 'marketCap' in stock info
WELSPLSOL,Missing 'marketCap' in stock info
SILVERLINE,Missing 'marketCap' in stock info
TPINDIA,Missing 'marketCap' in stock info
KRATOSENER,Missing 'marketCap' in stock info
PEOPLIN,Missing 'marketCap' in stock info
PRISMX,Missing 'marketCap' in stock info
ZGOLDINV,Missing 'previousClose' in stock info
ANTARIKSH,Missing 'previousClose' in stock info
RAPIDIN,Missing 'previousClose' in stock info
SUNRINV,Missing 'previousClose' in stock info
HEMACEM,Missing 'marketCap' in stock info
ASIIL,Missing 'marketCap' in stock info
SFTL,Missing 'previousClose' in stock info
ZSWASTSA,Missing 'previousClose' in stock info
LERTHAI,Missing 'marketCap' in stock info
VAPIENTER,Missing 'marketCap' in stock info
ANANDPROJ,Missing 'previousClose' in stock info
NATHIND,Missing 'marketCap' in stock info
PASUSPG,Missing 'marketCap' in stock info
KATRSPG,Missing 'marketCap' in stock info
ZGAEKWAR,Missing 'previousClose' in stock info
ELCIDIN,Missing 'marketCap' in stock info
ZSVTRADI,Missing 'previousClose' in stock info
SW1,Missing 'marketCap' in stock info
MEDIAONE,Missing 'marketCap' in stock info
INDSOYA,Missing 'previousClose' in stock info
SHRMFGC,Missing 'marketCap' in stock info
SALSAIN,Missing 'previousClose' in stock info
SHRENTI,Missing 'marketCap' in stock info
SHRAJSYNQ,Missing 'marketCap' in stock info
KSHITIJ,Missing 'previousClose' in stock info
UNIJOLL,Missing 'previousClose' in stock info
ZSATYASL,Missing 'marketCap' in stock info
HEALINV,Missing 'previousClose' in stock info
GRANDMA,Missing 'marketCap' in stock info
LONGSPUR,Missing 'marketCap' in stock info
MODULEX,Missing 'marketCap' in stock info
GANHOLD,Missing 'marketCap' in stock info
BOMBWIR,Missing 'marketCap' in stock info
RATHIST,Missing 'marketCap' in stock info
FLOMIC,Missing 'marketCap' in stock info
SOFTBPO,Missing 'previousClose' in stock info
RIDHISYN,Missing 'previousClose' in stock info
JAINEX,Missing 'marketCap' in stock info
INRADIA,Missing 'marketCap' in stock info
TULIVE,Missing 'marketCap' in stock info
AUTOPRD,Missing 'marketCap' in stock info
KPT,Missing 'marketCap' in stock info
GGDPROP,Missing 'marketCap' in stock info
HARSHILAGR,Missing 'marketCap' in stock info
MONOT,Missing 'marketCap' in stock info
PSITINFRA,Missing 'marketCap' in stock info
WMINIMT,Missing 'previousClose' in stock info
TAPARIA,Missing 'marketCap' in stock info
ZKOVALIN,Missing 'previousClose' in stock info
ZHEMHOLD,Missing 'previousClose' in stock info
AQFINTECH,Missing 'marketCap' in stock info
SINDUVA,Missing 'previousClose' in stock info
MULTIIN,Missing 'previousClose' in stock info
HIMTEK,Missing 'marketCap' in stock info
ROLCOEN,Missing 'marketCap' in stock info
ZPRBHSTE,Missing 'marketCap' in stock info
ALNATRD,Missing 'marketCap' in stock info
GOURMET,Missing 'marketCap' in stock info
APIS,Missing 'marketCap' in stock info
EMERGENT,Missing 'marketCap' in stock info
TERRAFORM,Missing 'marketCap' in stock info
GCKL,Missing 'marketCap' in stock info
HVL,Missing 'previousClose' in stock info
ISHWATR,Missing 'marketCap' in stock info
VELOXIND,Missing 'previousClose' in stock info
FERMENTA,Missing 'marketCap' in stock info
ZSARVAMA,Missing 'marketCap' in stock info
VIKSHEN,Missing 'previousClose' in stock info
PRIMO,Missing 'marketCap' in stock info
ADVPETR-B,Missing 'marketCap' in stock info
IGLFXPL-B,Missing 'previousClose' in stock info
SCBL,Missing 'marketCap' in stock info
APTPACK,Missing 'marketCap' in stock info
SASHWAT,Missing 'previousClose' in stock info
OLYOI,Missing 'marketCap' in stock info
UNTTEMI,Missing 'marketCap' in stock info
SAGRSOY-B,Missing 'marketCap' in stock info
KLRFM,Missing 'marketCap' in stock info
EASTBUILD,Missing 'marketCap' in stock info
THAKKERS,Missing 'previousClose' in stock info
SHIKHARLETR,Missing 'marketCap' in stock info
MNPLFIN,Missing 'marketCap' in stock info
COMPUPN,Missing 'marketCap' in stock info
CORAGRO,Missing 'previousClose' in stock info
RAJATH,Missing 'marketCap' in stock info
FRONTCAP,Missing 'marketCap' in stock info
IRONWOOD,Missing 'marketCap' in stock info
SHRICON,Missing 'marketCap' in stock info
JPTRLES,Missing 'previousClose' in stock info
TRILIANCE,Missing 'marketCap' in stock info
KOTIC,Missing 'marketCap' in stock info
KEDIACN,Missing 'previousClose' in stock info
THAKRAL,Missing 'marketCap' in stock info
OSEASPR,Missing 'marketCap' in stock info
MODRNSH,Missing 'marketCap' in stock info
TRANOCE,Missing 'previousClose' in stock info
RJSHAH,Missing 'marketCap' in stock info
SINNAR,Missing 'marketCap' in stock info
ZHINDHSG,Missing 'previousClose' in stock info
TECHCON,Missing 'marketCap' in stock info
UPHOT,Missing 'marketCap' in stock info
SHAHCON,Missing 'previousClose' in stock info
PREMCAP,Missing 'marketCap' in stock info
MADHUSE,Missing 'marketCap' in stock info
ZSOUTGAS,Missing 'previousClose' in stock info
EASYFIN,Missing 'marketCap' in stock info
ZMILGFIN,Missing 'marketCap' in stock info
JUMBFNL,Missing 'previousClose' in stock info
JMDVL,Missing 'marketCap' in stock info
RKDAGRRTL,Missing 'marketCap' in stock info
KUSUMEL,Missing 'previousClose' in stock info
WSFX,Missing 'marketCap' in stock info
TVOLCON,Missing 'marketCap' in stock info
MUNCAPM,Missing 'marketCap' in stock info
RAJVI,Missing 'marketCap' in stock info
IDINFO,Missing 'marketCap' in stock info
MCLTD,Missing 'marketCap' in stock info
SYLPH,Missing 'marketCap' in stock info
SHRYDUS,Missing 'marketCap' in stock info
RRFIN,Missing 'marketCap' in stock info
FEDDERSHOL,Missing 'marketCap' in stock info
SANCF,Missing 'marketCap' in stock info
SAGARSYST,Missing 'previousClose' in stock info
BGIL,Missing 'marketCap' in stock info
INVIGO,Missing 'marketCap' in stock info
PASUFIN,Missing 'marketCap' in stock info
YOGI,Missing 'marketCap' in stock info
STANCAP,Missing 'marketCap' in stock info
AASTAFIN,Missing 'marketCap' in stock info
DUGARHOU,Missing 'marketCap' in stock info
ZNILKENG,Missing 'previousClose' in stock info
SOBME,Missing 'marketCap' in stock info
EFCIL,Missing 'marketCap' in stock info
INERTIAST,Missing 'marketCap' in stock info
KAPILCO,Missing 'marketCap' in stock info
TCC,Missing 'marketCap' in stock info
SHYAM,Missing 'marketCap' in stock info
VISVEN,Missing 'marketCap' in stock info
ZSANMCOM,Missing 'previousClose' in stock info
WINROC,Missing 'previousClose' in stock info
SAICOM,Missing 'marketCap' in stock info
WARDHEALTH,Missing 'previousClose' in stock info
NIDHGRN,Missing 'marketCap' in stock info
EY,Missing 'marketCap' in stock info
TRIPR,Missing 'previousClose' in stock info
ROSEMER,Missing 'marketCap' in stock info
TWIROST,Missing 'previousClose' in stock info
MRUTR,Missing 'previousClose' in stock info
KAJALSY,Missing 'previousClose' in stock info
NIBEORD,Missing 'previousClose' in stock info
BENTCOM,Missing 'marketCap' in stock info
TERRAREAL,Missing 'marketCap' in stock info
MLINDLTD,Missing 'marketCap' in stock info
AVANCE,Missing 'marketCap' in stock info
BAJGLOB,Missing 'previousClose' in stock info
CLASELE,Missing 'previousClose' in stock info
ZNIVITRD,Missing 'previousClose' in stock info
SPVGLOBAL,Missing 'previousClose' in stock info
TASHIND,Missing 'previousClose' in stock info
ZMANSOON,Missing 'marketCap' in stock info
SGMART,Missing 'marketCap' in stock info
AUTOINT,Missing 'marketCap' in stock info
MAGANTR,Missing 'marketCap' in stock info
YASTF,Missing 'marketCap' in stock info
ZSPEEDCO,Missing 'previousClose' in stock info
SERA,Missing 'marketCap' in stock info
CESL,Missing 'previousClose' in stock info
MERCTRD,Missing 'marketCap' in stock info
ZSHERAPR,Missing 'previousClose' in stock info
ASUTENT,Missing 'marketCap' in stock info
GANONPRO,Missing 'marketCap' in stock info
PUNCTRD,Missing 'marketCap' in stock info
LLOYDSENT,Missing 'marketCap' in stock info
UNIWSEC,Missing 'previousClose' in stock info
BENGALS,Missing 'previousClose' in stock info
WHITHAL,Missing 'previousClose' in stock info
DHANCOT,Missing 'marketCap' in stock info
DEVITRD,Missing 'previousClose' in stock info
OASISEC,Missing 'marketCap' in stock info
NEELKANTH,Missing 'marketCap' in stock info
MEENST,Missing 'marketCap' in stock info
VINVANI,Missing 'previousClose' in stock info
ASTALLTD,Missing 'marketCap' in stock info
ZJEETMAC,Missing 'marketCap' in stock info
VARUNME,Missing 'previousClose' in stock info
CHROME,Missing 'marketCap' in stock info
MANBRO,Missing 'marketCap' in stock info
PULSRIN,Missing 'marketCap' in stock info
GUJTLRM,Missing 'marketCap' in stock info
KVFORGE,Missing 'marketCap' in stock info
ZHINUDYP,Missing 'previousClose' in stock info
BLOIN,Missing 'marketCap' in stock info
NOVIS,Missing 'marketCap' in stock info
STERPOW,Missing 'marketCap' in stock info
SIZEMASTER,Missing 'marketCap' in stock info
FFPL,Missing 'marketCap' in stock info
MARKOBENZ,Missing 'marketCap' in stock info
MFSINTRCRP,Missing 'marketCap' in stock info
KONARKSY,Missing 'marketCap' in stock info
RISHYRN,Missing 'marketCap' in stock info
RUDRAECO,Missing 'marketCap' in stock info
MKVENTURES,Missing 'marketCap' in stock info
ONEGLOBAL,Missing 'marketCap' in stock info
JATTAINDUS,Missing 'marketCap' in stock info
SURBHIN,Missing 'marketCap' in stock info
EVERFIN,Missing 'marketCap' in stock info
TTLEL,Missing 'previousClose' in stock info
DUROPLY,Missing 'marketCap' in stock info
KRRAIL,Missing 'marketCap' in stock info
LSIND,Missing 'marketCap' in stock info
ECOHOTELS,Missing 'marketCap' in stock info
EDVENSWA,Missing 'marketCap' in stock info
SOMAPPR,Missing 'marketCap' in stock info
FAMILYCARE,Missing 'marketCap' in stock info
TAHMARENT,Missing 'marketCap' in stock info
INTEGSW,Missing 'marketCap' in stock info
NARMP,Missing 'marketCap' in stock info
SBECSYS,Missing 'marketCap' in stock info
VXLINSTR,Missing 'marketCap' in stock info
PRSNTIN,Missing 'marketCap' in stock info
MADHURIND,Missing 'marketCap' in stock info
PERVASIVE,Missing 'previousClose' in stock info
LINAKS,Missing 'marketCap' in stock info
SPTRSHI,Missing 'marketCap' in stock info
BANSTEA,Missing 'marketCap' in stock info
KISAAN,Missing 'marketCap' in stock info
KMGMILK,Missing 'marketCap' in stock info
DATIWARE,Missing 'marketCap' in stock info
PIONAGR,Missing 'marketCap' in stock info
AMBARPIL,Missing 'marketCap' in stock info
HINDUST,Missing 'marketCap' in stock info
INTEGFD,Missing 'marketCap' in stock info
ECSTSTL,Missing 'marketCap' in stock info
SHVSUIT,Missing 'marketCap' in stock info
TITANIN,Missing 'marketCap' in stock info
EUREKAI,Missing 'marketCap' in stock info
ADVLIFE,Missing 'marketCap' in stock info
PRIMEURB,Missing 'marketCap' in stock info
GEMSPIN,Missing 'marketCap' in stock info
KDL,Missing 'marketCap' in stock info
MINALIND,Missing 'marketCap' in stock info
TMTIND-B1,Missing 'marketCap' in stock info
NMSRESRC,Missing 'marketCap' in stock info
CANDOUR,Missing 'marketCap' in stock info
MKPMOB,Missing 'marketCap' in stock info
BIJHANS,Missing 'marketCap' in stock info
CITYMAN,Missing 'previousClose' in stock info
NBFOOT,Missing 'marketCap' in stock info
CROPSTER,Missing 'marketCap' in stock info
SHRIGANG,Missing 'marketCap' in stock info
MICROSE,Missing 'previousClose' in stock info
JMGCORP,Missing 'marketCap' in stock info
SWISSMLTRY,Missing 'marketCap' in stock info
TIHIL,Missing 'marketCap' in stock info
JAIMATAG,Missing 'marketCap' in stock info
YASHINNO,Missing 'marketCap' in stock info
PURITY,Missing 'previousClose' in stock info
SHUKJEW,Missing 'marketCap' in stock info
GUJRAFFIA,Missing 'marketCap' in stock info
CONSTRONIC,Missing 'marketCap' in stock info
PETPLST,Missing 'previousClose' in stock info
NORRIS,Missing 'marketCap' in stock info
TEEAI,Missing 'marketCap' in stock info
KESARPE,Missing 'marketCap' in stock info
VRWODAR,Missing 'previousClose' in stock info
GUJINJEC,Missing 'marketCap' in stock info
ASINPET,Missing 'marketCap' in stock info
EVEXIA,Missing 'marketCap' in stock info
REVAORG,Missing 'previousClose' in stock info
TULASEEBIOE,Missing 'marketCap' in stock info
BANDARAM,Missing 'marketCap' in stock info
ADLINE,Missing 'marketCap' in stock info
JAYSYNTH,Missing 'marketCap' in stock info
SHARMEH,Missing 'marketCap' in stock info
AEONXDIGI,Missing 'marketCap' in stock info
ISTRNETWK,Missing 'marketCap' in stock info
DECIPHER,Missing 'marketCap' in stock info
OXYGENTAPH,Missing 'marketCap' in stock info
SATAGRI,Missing 'previousClose' in stock info
STELLANT,Missing 'marketCap' in stock info
BNHOLDINGS,Missing 'marketCap' in stock info
PANJON,Missing 'marketCap' in stock info
WELTI,Missing 'marketCap' in stock info
AEIM,Missing 'marketCap' in stock info
AMBIT,Missing 'marketCap' in stock info
STDSFAC,Missing 'marketCap' in stock info
HAMPTON,Missing 'marketCap' in stock info
SURJIND,Missing 'marketCap' in stock info
BHUDEVI,Missing 'marketCap' in stock info
NIRBHAYIND,Missing 'previousClose' in stock info
EUROLED,Missing 'marketCap' in stock info
SHAHISHIP,Missing 'marketCap' in stock info
IIRM,Missing 'marketCap' in stock info
SFPIL,Missing 'marketCap' in stock info
WWALUM,Missing 'marketCap' in stock info
MIDWEST,Missing 'marketCap' in stock info
HPBL,Missing 'marketCap' in stock info
TIRTPLS,Missing 'marketCap' in stock info
TEXELIN,Missing 'marketCap' in stock info
AJWAFUN,Missing 'marketCap' in stock info
PRESSURS,Missing 'marketCap' in stock info
SHAKTIPR,Missing 'marketCap' in stock info
POLOHOT,Missing 'marketCap' in stock info
JAINCO,Missing 'marketCap' in stock info
SPICEISLIN,Missing 'marketCap' in stock info
SIDDHEGA,Missing 'marketCap' in stock info
HFIL,Missing 'marketCap' in stock info
MHSGRMS,Missing 'marketCap' in stock info
ARUNIS,Missing 'marketCap' in stock info
KUMPFIN,Missing 'marketCap' in stock info
RAJGASES,Missing 'marketCap' in stock info
SREEJAYA,Missing 'marketCap' in stock info
LASTMILE,Missing 'marketCap' in stock info
ASHOKRE,Missing 'marketCap' in stock info
CRIMSON,Missing 'marketCap' in stock info
REALECO,Missing 'marketCap' in stock info
HRMNYCP,Missing 'marketCap' in stock info
ANUPAM,Missing 'marketCap' in stock info
VIVANZA,Missing 'marketCap' in stock info
PRADHIN,Missing 'marketCap' in stock info
KREONFIN,Missing 'marketCap' in stock info
SURATRAML,Missing 'marketCap' in stock info
FUNDVISER,Missing 'marketCap' in stock info
GYANDEV,Missing 'marketCap' in stock info
RISAINTL,Missing 'marketCap' in stock info
GARODCH,Missing 'marketCap' in stock info
SWOEF,Missing 'marketCap' in stock info
KAYPOWR,Missing 'marketCap' in stock info
QUANTDIA,Missing 'marketCap' in stock info
ARIGATO,Missing 'marketCap' in stock info
PAOS,Missing 'marketCap' in stock info
KIMIABL,Missing 'marketCap' in stock info
RRETAIL,Missing 'marketCap' in stock info
PRABHHANS,Missing 'marketCap' in stock info
STRATMONT,Missing 'marketCap' in stock info
CINERAD,Missing 'marketCap' in stock info
KENFIN,Missing 'marketCap' in stock info
MANRAJH,Missing 'marketCap' in stock info
POPEES,Missing 'marketCap' in stock info
UYFINCORP,Missing 'marketCap' in stock info
JAGSONFI,Missing 'marketCap' in stock info
FLORATX,Missing 'marketCap' in stock info
CHALLANI,Missing 'marketCap' in stock info
ENCODE,Missing 'marketCap' in stock info
AGARWAL,Missing 'marketCap' in stock info
INLANPR,Missing 'marketCap' in stock info
SUNCITYSY,Missing 'marketCap' in stock info
RAMSONS,Missing 'marketCap' in stock info
ABVL,Missing 'marketCap' in stock info
RRSECUR,Missing 'marketCap' in stock info
SICAPIT,Missing 'marketCap' in stock info
STANPACK,Missing 'marketCap' in stock info
SWRNASE,Missing 'marketCap' in stock info
GDLLEAS,Missing 'previousClose' in stock info
EUROASIA,Missing 'marketCap' in stock info
LIBORD,Missing 'marketCap' in stock info
HARAFIN,Missing 'previousClose' in stock info
CHECKPOINT,Missing 'marketCap' in stock info
ELFORGE,Missing 'marketCap' in stock info
ERAAYA,Missing 'marketCap' in stock info
SHYAMAINFO,Missing 'marketCap' in stock info
TRADEWELL,Missing 'marketCap' in stock info
ASSOCER,Missing 'marketCap' in stock info
NLFL,Missing 'marketCap' in stock info
SPRIGHT,Missing 'marketCap' in stock info
EPSOMPRO,Missing 'marketCap' in stock info
RANDER,Missing 'marketCap' in stock info
XTGLOBAL,Missing 'marketCap' in stock info
OSWALOR,Missing 'previousClose' in stock info
CITIPOR,Missing 'marketCap' in stock info
SCOOBEEDAY,Missing 'marketCap' in stock info
SHAMROIN,Missing 'marketCap' in stock info
REFEXRENEW,Missing 'marketCap' in stock info
NIKKIGL,Missing 'marketCap' in stock info
MARBLE,Missing 'marketCap' in stock info
CINDRELL,Missing 'marketCap' in stock info
PROGREXV,Missing 'marketCap' in stock info
RRIL,Missing 'marketCap' in stock info
INTCAPL,Missing 'marketCap' in stock info
JAYIND,Missing 'marketCap' in stock info
MERCURYEV,Missing 'marketCap' in stock info
SPAR,Missing 'marketCap' in stock info
WINPRO,Missing 'marketCap' in stock info
EKANSH,Missing 'marketCap' in stock info
WOMENNET,Missing 'marketCap' in stock info
POLYCON,Missing 'marketCap' in stock info
GGAUTO,Missing 'marketCap' in stock info
FILME,Missing 'marketCap' in stock info
VARDHMAN,Missing 'marketCap' in stock info
NAVKAR,Missing 'marketCap' in stock info
DESHRAK,Missing 'marketCap' in stock info
VIKASPROP,Missing 'marketCap' in stock info
INDERGR,Missing 'marketCap' in stock info
SOFTRAKV,Missing 'marketCap' in stock info
JYOTHI,Missing 'marketCap' in stock info
SYTIXSE,Missing 'marketCap' in stock info
KOBO,Missing 'marketCap' in stock info
DRL,Missing 'marketCap' in stock info
ASHUTPM,Missing 'marketCap' in stock info
GENPHARMA,Missing 'marketCap' in stock info
TEJASSVI,Missing 'marketCap' in stock info
PRAVEG,Missing 'marketCap' in stock info
SICL,Missing 'marketCap' in stock info
NATGENI,Missing 'marketCap' in stock info
UFMINDL,Missing 'marketCap' in stock info
BJDUP,Missing 'marketCap' in stock info
VSDCONF,Missing 'marketCap' in stock info
AMERISE,Missing 'marketCap' in stock info
BISIL,Missing 'marketCap' in stock info
HIRAUTO,Missing 'marketCap' in stock info
BIOGEN,Missing 'marketCap' in stock info
PRISMFN,Missing 'marketCap' in stock info
SHRADDHA,Missing 'marketCap' in stock info
ARISINT,Missing 'previousClose' in stock info
KACL,Missing 'marketCap' in stock info
SCANPRO,Missing 'marketCap' in stock info
PADALPO,Missing 'marketCap' in stock info
SGNTE,Missing 'marketCap' in stock info
POPULARES,Missing 'marketCap' in stock info
IECEDU,Missing 'marketCap' in stock info
ORIRAIL,Missing 'marketCap' in stock info
INDUSFINL,Missing 'marketCap' in stock info
GALLOPENT,Missing 'marketCap' in stock info
CROISSANCE,Missing 'marketCap' in stock info
MADHUVEER,Missing 'marketCap' in stock info
GALAGEX,Missing 'marketCap' in stock info
HINDAPL,Missing 'marketCap' in stock info
IIL,Missing 'marketCap' in stock info
SAICAPI,Missing 'marketCap' in stock info
KASHYAP,Missing 'marketCap' in stock info
NEWINFRA,Missing 'marketCap' in stock info
SERVOTEACH,Missing 'marketCap' in stock info
SENINFO,Missing 'marketCap' in stock info
VUENOW,Missing 'marketCap' in stock info
SVAINDIA,Missing 'previousClose' in stock info
HARIGOV,Missing 'marketCap' in stock info
CHADPAP,Missing 'previousClose' in stock info
AUTOPINS,Missing 'marketCap' in stock info
ESPIRE,Missing 'marketCap' in stock info
SUMUKA,Missing 'marketCap' in stock info
HINDBIO,Missing 'marketCap' in stock info
EPUJA,Missing 'marketCap' in stock info
3BBLACKBIO,Missing 'marketCap' in stock info
NIBE,Missing 'marketCap' in stock info
SMCREDT,Missing 'marketCap' in stock info
RBGUPTA,Missing 'previousClose' in stock info
SHKALYN,Missing 'previousClose' in stock info
BSELALGO,Missing 'marketCap' in stock info
JOHNPHARMA,Missing 'marketCap' in stock info
ORCHASP,Missing 'marketCap' in stock info
INTEGHIT,Missing 'marketCap' in stock info
VIRGOGLOB,Missing 'marketCap' in stock info
TRESCON,Missing 'marketCap' in stock info
TELESYS,Missing 'marketCap' in stock info
FIRSTFIN,Missing 'marketCap' in stock info
HAZOOR,Missing 'marketCap' in stock info
PBAINFRA,Missing 'marketCap' in stock info
KONNDOR,Missing 'marketCap' in stock info
GENUSPRIME,Missing 'marketCap' in stock info
CELLA,Missing 'marketCap' in stock info
UNISON,Missing 'marketCap' in stock info
PARLEIND,Missing 'marketCap' in stock info
MPDL,Missing 'marketCap' in stock info
JAGJANANI,Missing 'marketCap' in stock info
TELOGICA,Missing 'marketCap' in stock info
TAMBOLIIN,Missing 'marketCap' in stock info
SATCH,Missing 'marketCap' in stock info
YUNIKM,Missing 'marketCap' in stock info
SENSEX1,Missing 'marketCap' in stock info
AIML,Missing 'marketCap' in stock info
VINAYAKPOL,Missing 'marketCap' in stock info
JOINTECAED,Missing 'marketCap' in stock info
WAAREERTL,Missing 'marketCap' in stock info
SHANTIGURU,Missing 'marketCap' in stock info
VIRTUALG,Missing 'marketCap' in stock info
AERPACE,Missing 'marketCap' in stock info
CDG,Missing 'marketCap' in stock info
SBISENSEX,Missing 'marketCap' in stock info
PYXISFIN,Missing 'previousClose' in stock info
CASPIAN,Missing 'marketCap' in stock info
GCMSECU,Missing 'marketCap' in stock info
PRIMECAPM,Missing 'marketCap' in stock info
SDC,Missing 'marketCap' in stock info
AMPVOLTS,Missing 'marketCap' in stock info
MMLF,Missing 'marketCap' in stock info
ALSL,Missing 'marketCap' in stock info
GCMCOMM,Missing 'marketCap' in stock info
SRGSFL,Missing 'marketCap' in stock info
NIFTYIETF,Missing 'marketCap' in stock info
MOM100,Missing 'marketCap' in stock info
JULIEN,Missing 'marketCap' in stock info
POLYMAC,Missing 'marketCap' in stock info
JK AGRI,Missing 'previousClose' in stock info
NIF100BEES,Missing 'marketCap' in stock info
NIF100IETF,Missing 'marketCap' in stock info
ACFSL,Missing 'previousClose' in stock info
LAXMIPATI,Missing 'marketCap' in stock info
NIFTY1,Missing 'marketCap' in stock info
KCSL,Missing 'marketCap' in stock info
CPSEETF,Missing 'marketCap' in stock info
HANSUGAR,Missing 'marketCap' in stock info
WORTH,Missing 'marketCap' in stock info
VASUPRADA,Missing 'marketCap' in stock info
JACKSON,Missing 'marketCap' in stock info
SPS,Missing 'marketCap' in stock info
WESTLEIRES,Missing 'marketCap' in stock info
MONEYBOXX,Missing 'marketCap' in stock info
HARIAAPL,Missing 'marketCap' in stock info
AMARSEC,Missing 'marketCap' in stock info
YAANENT,Missing 'marketCap' in stock info
ARMAN,Missing 'marketCap' in stock info
BHANDERI,Missing 'marketCap' in stock info
MIIL,Missing 'marketCap' in stock info
GAJANANSEC,Missing 'marketCap' in stock info
ZINEMA,Missing 'marketCap' in stock info
TOYAMSL,Missing 'marketCap' in stock info
SIROHIA,Missing 'marketCap' in stock info
SENSEXBEES,Missing 'marketCap' in stock info
QGO,Missing 'marketCap' in stock info
SANGAMFIN,Missing 'marketCap' in stock info
ADARSH,Missing 'previousClose' in stock info
HCLTD,Missing 'previousClose' in stock info
ARYACAPM,Missing 'marketCap' in stock info
KALYANCAP,Missing 'marketCap' in stock info
HANMAN,Missing 'marketCap' in stock info
PANABYTE,Missing 'marketCap' in stock info
MUDUNURU,Missing 'marketCap' in stock info
KAIZENAGRO,Missing 'marketCap' in stock info
CIL,Missing 'marketCap' in stock info
JMJFIN,Missing 'marketCap' in stock info
JETINFRA,Missing 'marketCap' in stock info
SCC,Missing 'marketCap' in stock info
ASIACAP,Missing 'previousClose' in stock info
ICL,Missing 'marketCap' in stock info
MYMONEY,Missing 'marketCap' in stock info
NEXUSSURGL,Missing 'marketCap' in stock info
SELLWIN,Missing 'marketCap' in stock info
SKILVEN,Missing 'marketCap' in stock info
MIHIKA,Missing 'marketCap' in stock info
OCTAL,Missing 'marketCap' in stock info
MCLOUD,Missing 'marketCap' in stock info
GALADAFIN,Missing 'marketCap' in stock info
VINCOFE,Missing 'marketCap' in stock info
SOFCOM,Missing 'marketCap' in stock info
NAPL,Missing 'marketCap' in stock info
ABHIFIN,Missing 'marketCap' in stock info
AMARNATH,Missing 'previousClose' in stock info
SHREESEC,Missing 'marketCap' in stock info
WARDINMOBI,Missing 'marketCap' in stock info
PUROHITCON,Missing 'marketCap' in stock info
JAYATMA,Missing 'marketCap' in stock info
STARHFL,Missing 'marketCap' in stock info
SETFBSE100,Missing 'marketCap' in stock info
CITL,Missing 'marketCap' in stock info
GANVERSE,Missing 'marketCap' in stock info
RAJPUTANA,Missing 'marketCap' in stock info
SSPNFIN,Missing 'marketCap' in stock info
ATHCON,Missing 'marketCap' in stock info
URSUGAR,Missing 'marketCap' in stock info
AANANDALAK,Missing 'marketCap' in stock info
JAINMARMO,Missing 'marketCap' in stock info
PALCO,Missing 'marketCap' in stock info
VBIND,Missing 'marketCap' in stock info
WARDWIZFBL,Missing 'marketCap' in stock info
OPCHAINS,Missing 'previousClose' in stock info
ADHBHUTIN,Missing 'marketCap' in stock info
PANTH,Missing 'marketCap' in stock info
VLL,Missing 'marketCap' in stock info
SARVOTTAM,Missing 'marketCap' in stock info
SGFIN,Missing 'marketCap' in stock info
ALAN SCOTT,Missing 'previousClose' in stock info
CAPFIN,Missing 'marketCap' in stock info
DFL,Missing 'marketCap' in stock info
HCKKVENTURE,Missing 'marketCap' in stock info
GVBL,Missing 'marketCap' in stock info
GARMNTMNTR,Missing 'marketCap' in stock info
SAMSRITA,Missing 'marketCap' in stock info
GROWINGTON,Missing 'marketCap' in stock info
ALSTONE,Missing 'marketCap' in stock info
CHEMIESYNT,Missing 'previousClose' in stock info
SURYAINDIA,Missing 'previousClose' in stock info
THINKINK,Missing 'marketCap' in stock info
AVI,Missing 'marketCap' in stock info
VASUDHAGAM,Missing 'marketCap' in stock info
AMRAFIN,Missing 'previousClose' in stock info
SALAUTO,Missing 'marketCap' in stock info
WAAREE,Missing 'marketCap' in stock info
UTISENSETF,Missing 'marketCap' in stock info
UTINIFTETF,Missing 'marketCap' in stock info
VISHALBL,Missing 'marketCap' in stock info
PJL,Missing 'marketCap' in stock info
DITCO,Missing 'marketCap' in stock info
NAKSH,Missing 'marketCap' in stock info
SWAGTAM,Missing 'marketCap' in stock info
KCL,Missing 'previousClose' in stock info
IGCIL,Missing 'marketCap' in stock info
PANORAMA,Missing 'marketCap' in stock info
RFSL,Missing 'marketCap' in stock info
BRIPORT,Missing 'previousClose' in stock info
LICNETFN50,Missing 'marketCap' in stock info
TFSL,Missing 'previousClose' in stock info
GARBIFIN,Missing 'marketCap' in stock info
LICNETFSEN,Missing 'marketCap' in stock info
TFLL,Missing 'marketCap' in stock info
HDFCNIFTY,Missing 'marketCap' in stock info
SMARTFIN,Missing 'marketCap' in stock info
QUINT,Missing 'marketCap' in stock info
RAJKOTINV,Missing 'marketCap' in stock info
HDFCSENSEX,Missing 'marketCap' in stock info
APOORVA,Missing 'marketCap' in stock info
GTV,Missing 'marketCap' in stock info
FMEC,Missing 'marketCap' in stock info
DDIL,Missing 'marketCap' in stock info
NAVIGANT,Missing 'marketCap' in stock info
ELITECON,Missing 'previousClose' in stock info
REMLIFE,Missing 'marketCap' in stock info
SIPTL,Missing 'marketCap' in stock info
SCL,Missing 'marketCap' in stock info
AARNAV,Missing 'marketCap' in stock info
VALLEY,Missing 'previousClose' in stock info
ABHIJIT,Missing 'previousClose' in stock info
BLUECLOUDS,Missing 'marketCap' in stock info
BFLAFL,Missing 'marketCap' in stock info
KEIL,Missing 'marketCap' in stock info
CGFL,Missing 'marketCap' in stock info
LUCENT,Missing 'marketCap' in stock info
GANGAPHARM,Missing 'marketCap' in stock info
SHIVKAMAL,Missing 'marketCap' in stock info
DAL,Missing 'previousClose' in stock info
MEAPL,Missing 'marketCap' in stock info
HILIKS,Missing 'marketCap' in stock info
RGF,Missing 'marketCap' in stock info
VKAL,Missing 'marketCap' in stock info
LICNFNHGP,Missing 'marketCap' in stock info
RGCORP,Missing 'previousClose' in stock info
LELAVOIR,Missing 'marketCap' in stock info
KDML,Missing 'previousClose' in stock info
BALGOPAL,Missing 'marketCap' in stock info
SNIM,Missing 'marketCap' in stock info
LIKHAMI,Missing 'marketCap' in stock info
BAZELINTER,Missing 'marketCap' in stock info
NV20IETF,Missing 'marketCap' in stock info
FRANKLIN,Missing 'marketCap' in stock info
MIL,Missing 'marketCap' in stock info
DIGJAMLMTD,Missing 'marketCap' in stock info
MUDRA,Missing 'previousClose' in stock info
CFEL,Missing 'marketCap' in stock info
COLORCHIPS,Missing 'marketCap' in stock info
MIDSELIETF,Missing 'marketCap' in stock info
ECS,Missing 'marketCap' in stock info
EASTWEST,Missing 'marketCap' in stock info
BSLSENETFG,Missing 'marketCap' in stock info
GOLDENCREST,Missing 'marketCap' in stock info
SPRAYKING,Missing 'marketCap' in stock info
SHIVAEXPO,Missing 'marketCap' in stock info
DHATRE,Missing 'marketCap' in stock info
VISCO,Missing 'marketCap' in stock info
AMS,Missing 'previousClose' in stock info
DIKSAT,Missing 'marketCap' in stock info
SIIL,Missing 'marketCap' in stock info
TIAANC,Missing 'marketCap' in stock info
BINDALEXPO,Missing 'marketCap' in stock info
RSTL,Missing 'marketCap' in stock info
IDFSENSEXE,Missing 'marketCap' in stock info
SUPRAPFSL,Missing 'marketCap' in stock info
SALEM,Missing 'marketCap' in stock info
VSL,Missing 'marketCap' in stock info
EIKO,Missing 'marketCap' in stock info
CFL,Missing 'marketCap' in stock info
RAIDEEPIND,Missing 'marketCap' in stock info
SKL,Missing 'marketCap' in stock info
SHASHANK,Missing 'marketCap' in stock info
FLORACORP,Missing 'marketCap' in stock info
CMBL,Missing 'previousClose' in stock info
SUERYAAKNI,Missing 'marketCap' in stock info
IFL,Missing 'marketCap' in stock info
TANVI,Missing 'marketCap' in stock info
OCTAWARE,Missing 'marketCap' in stock info
OCEANIC,Missing 'marketCap' in stock info
ESCORP,Missing 'marketCap' in stock info
PRIMEFRESH,Missing 'marketCap' in stock info
PARMSILK,Missing 'marketCap' in stock info
MANAS,Missing 'previousClose' in stock info
STARLENT,Missing 'marketCap' in stock info
KMSMEDI,Missing 'previousClose' in stock info
PROCLB,Missing 'marketCap' in stock info
GEL,Missing 'marketCap' in stock info
KCDGROUP,Missing 'marketCap' in stock info
VARIMAN,Missing 'marketCap' in stock info
UTINEXT50,Missing 'marketCap' in stock info
LOWVOLIETF,Missing 'marketCap' in stock info
CHOTHANI,Missing 'marketCap' in stock info
ICICIB22,Missing 'marketCap' in stock info
KAARYAFSL,Missing 'marketCap' in stock info
AAYUSHBULL,Missing 'marketCap' in stock info
MRCAGRO,Missing 'marketCap' in stock info
JFL,Missing 'marketCap' in stock info
RITHWIKFMS,Missing 'marketCap' in stock info
TIRUFOAM,Missing 'marketCap' in stock info
7SEASL,Missing 'marketCap' in stock info
SRUSTEELS,Missing 'marketCap' in stock info
CRPRISK,Missing 'marketCap' in stock info
GUJHYSPIN,Missing 'marketCap' in stock info
YSL,Missing 'marketCap' in stock info
KANCOTEA,Missing 'marketCap' in stock info
SHREESHAY,Missing 'marketCap' in stock info
INFLAME,Missing 'marketCap' in stock info
ANGEL,Missing 'marketCap' in stock info
ACTIVE,Missing 'marketCap' in stock info
LEX,Missing 'marketCap' in stock info
BENARA,Missing 'marketCap' in stock info
BPLPHARMA,Missing 'marketCap' in stock info
KENVI,Missing 'marketCap' in stock info
BSE500IETF,Missing 'marketCap' in stock info
MILEFUR,Missing 'marketCap' in stock info
DLCL,Missing 'marketCap' in stock info
ACFL,Missing 'previousClose' in stock info
TRL,Missing 'marketCap' in stock info
INDOUS,Missing 'marketCap' in stock info
UCIL,Missing 'marketCap' in stock info
INNOVATORS,Missing 'marketCap' in stock info
PARVATI,Missing 'marketCap' in stock info
AFFORDABLE,Missing 'marketCap' in stock info
UHZAVERI,Missing 'marketCap' in stock info
RAJNISH,Missing 'marketCap' in stock info
UNICK,Missing 'marketCap' in stock info
WAA,Missing 'marketCap' in stock info
RAWEDGE,Missing 'marketCap' in stock info
PALMJEWELS,Missing 'marketCap' in stock info
SUPERSHAKT,Missing 'marketCap' in stock info
RACONTEUR,Missing 'marketCap' in stock info
AMINTAN,Missing 'marketCap' in stock info
TINNATFL,Missing 'marketCap' in stock info
DEEP,Missing 'marketCap' in stock info
NEXT50IETF,Missing 'marketCap' in stock info
ASRL,Missing 'marketCap' in stock info
STRAEXPO,Missing 'previousClose' in stock info
VIVANTA,Missing 'marketCap' in stock info
SPACEINCUBA,Missing 'marketCap' in stock info
ASHNI,Missing 'marketCap' in stock info
SMEL,Missing 'marketCap' in stock info
RANJEET,Missing 'marketCap' in stock info
SETFSN50,Missing 'marketCap' in stock info
MACH,Missing 'marketCap' in stock info
SHUBHAM,Missing 'marketCap' in stock info
AAL,Missing 'marketCap' in stock info
SMGOLD,Missing 'marketCap' in stock info
DOLFIN,Missing 'marketCap' in stock info
VIVIDM,Missing 'marketCap' in stock info
BCPL,Missing 'marketCap' in stock info
NIFTYETF,Missing 'marketCap' in stock info
INNOVATIVE,Missing 'marketCap' in stock info
PHOSPHATE,Missing 'marketCap' in stock info
RONI,Missing 'marketCap' in stock info
SKIFL,Missing 'marketCap' in stock info
ARYAN,Missing 'marketCap' in stock info
DGL,Missing 'marketCap' in stock info
NIVAKA,Missing 'marketCap' in stock info
ABSLNN50ET,Missing 'marketCap' in stock info
SUNRETAIL,Missing 'marketCap' in stock info
SRD,Missing 'marketCap' in stock info
DECCAN,Missing 'marketCap' in stock info
SPACAPS,Missing 'marketCap' in stock info
JONJUA,Missing 'marketCap' in stock info
HIKLASS,Missing 'marketCap' in stock info
KRANTI,Missing 'marketCap' in stock info
JYOTIN,Missing 'previousClose' in stock info
AGOL,Missing 'marketCap' in stock info
UTISXN50,Missing 'marketCap' in stock info
GLEAM,Missing 'marketCap' in stock info
AIHL,Missing 'marketCap' in stock info
AARSHYAM,Missing 'previousClose' in stock info
CHANDNIMACH,Missing 'marketCap' in stock info
HBEL,Missing 'marketCap' in stock info
ROOPSHRI,Missing 'previousClose' in stock info
EVANS,Missing 'marketCap' in stock info
GKP,Missing 'marketCap' in stock info
NSL,Missing 'marketCap' in stock info
WORL,Missing 'marketCap' in stock info
BMW,Missing 'marketCap' in stock info
VRFILMS,Missing 'marketCap' in stock info
AEPL,Missing 'marketCap' in stock info
CHCL,Missing 'marketCap' in stock info
HARISH,Missing 'marketCap' in stock info
ARL,Missing 'marketCap' in stock info
PARSHVA,Missing 'marketCap' in stock info
MURAE,Missing 'marketCap' in stock info
CPML,Missing 'marketCap' in stock info
SKIEL,Missing 'marketCap' in stock info
DEL,Missing 'marketCap' in stock info
SEACOAST,Missing 'marketCap' in stock info
SNXT50BEES,Missing 'marketCap' in stock info
PVTBANIETF,Missing 'marketCap' in stock info
BANKIETF,Missing 'marketCap' in stock info
ALPHALOGIC,Missing 'marketCap' in stock info
NIESSPJ,Missing 'marketCap' in stock info
NOVATEOR,Missing 'marketCap' in stock info
MISQUITA,Missing 'marketCap' in stock info
GALACTICO,Missing 'marketCap' in stock info
VEL,Missing 'marketCap' in stock info
NIESSPC,Missing 'marketCap' in stock info
HDFCNIFBAN,Missing 'marketCap' in stock info
NIESSPB,Missing 'previousClose' in stock info
NIESSPA,Missing 'marketCap' in stock info
NIESSPI,Missing 'previousClose' in stock info
NIESSPO,Missing 'previousClose' in stock info
NIESSPP,Missing 'previousClose' in stock info
NIEHSPA,Missing 'previousClose' in stock info
NIEHSPB,Missing 'previousClose' in stock info
NIESSPG,Missing 'previousClose' in stock info
NIEHSPI,Missing 'marketCap' in stock info
NIESSPD,Missing 'previousClose' in stock info
NIEHSPF,Missing 'previousClose' in stock info
NIESSPE,Missing 'marketCap' in stock info
NIEHSPN,Missing 'previousClose' in stock info
NIEHSPK,Missing 'previousClose' in stock info
NIEHSPM,Missing 'previousClose' in stock info
NIEHSPD,Missing 'marketCap' in stock info
NIEHSPC,Missing 'previousClose' in stock info
NIESSPF,Missing 'previousClose' in stock info
NIESSPH,Missing 'previousClose' in stock info
NIESSPK,Missing 'marketCap' in stock info
NIEHSPG,Missing 'marketCap' in stock info
NIEHSPE,Missing 'marketCap' in stock info
NIEHSPL,Missing 'marketCap' in stock info
NIEHSPH,Missing 'marketCap' in stock info
NIEHSPJ,Missing 'marketCap' in stock info
NIESSPM,Missing 'marketCap' in stock info
NIESSPL,Missing 'marketCap' in stock info
GOBLIN,Missing 'marketCap' in stock info
SHAHLON,Missing 'marketCap' in stock info
MOUNT,Missing 'marketCap' in stock info
ABSLBANETF,Missing 'marketCap' in stock info
NIESSPN,Missing 'previousClose' in stock info
EASUN,Missing 'marketCap' in stock info
GIANLIFE,Missing 'marketCap' in stock info
ASSAMENT,Missing 'marketCap' in stock info
COLABCLOUD,Missing 'marketCap' in stock info
ARTEMISMED,Missing 'marketCap' in stock info
ANUROOP,Missing 'marketCap' in stock info
NEXT50,Missing 'marketCap' in stock info
JANUSCORP,Missing 'marketCap' in stock info
MIDCAPIETF,Missing 'marketCap' in stock info
CBPL,Missing 'marketCap' in stock info
OCTAVIUSPL,Missing 'marketCap' in stock info
SMAUTO,Missing 'marketCap' in stock info
08MPD,Missing 'marketCap' in stock info
VARDHANCFL,Missing 'previousClose' in stock info
08GPG,Missing 'marketCap' in stock info
08MPR,Missing 'previousClose' in stock info
08ADR,Missing 'previousClose' in stock info
08AGG,Missing 'marketCap' in stock info
08AMR,Missing 'previousClose' in stock info
08QPD,Missing 'previousClose' in stock info
08ABB,Missing 'previousClose' in stock info
08BPB,Missing 'previousClose' in stock info
08AMD,Missing 'previousClose' in stock info
COSPOWER,Missing 'marketCap' in stock info
ROJL,Missing 'marketCap' in stock info
11DPR,Missing 'marketCap' in stock info
08QPR,Missing 'previousClose' in stock info
08AQD,Missing 'previousClose' in stock info
08DPD,Missing 'previousClose' in stock info
11GPG,Missing 'marketCap' in stock info
08ADD,Missing 'previousClose' in stock info
08AQR,Missing 'previousClose' in stock info
08DPR,Missing 'previousClose' in stock info
11QPD,Missing 'marketCap' in stock info
11AGG,Missing 'marketCap' in stock info
11MPD,Missing 'marketCap' in stock info
11MPR,Missing 'marketCap' in stock info
11ADD,Missing 'previousClose' in stock info
11AMD,Missing 'marketCap' in stock info
11QPR,Missing 'previousClose' in stock info
11DPD,Missing 'marketCap' in stock info
NATURAL,Missing 'marketCap' in stock info
REGIS,Missing 'marketCap' in stock info
BILLWIN,Missing 'marketCap' in stock info
11AQR,Missing 'previousClose' in stock info
11ADR,Missing 'previousClose' in stock info
BONLON,Missing 'marketCap' in stock info
11AQD,Missing 'previousClose' in stock info
ALPL30IETF,Missing 'marketCap' in stock info
UTIBANKETF,Missing 'marketCap' in stock info
SAMRATFORG,Missing 'marketCap' in stock info
ITIETF,Missing 'marketCap' in stock info
11AMR,Missing 'previousClose' in stock info
GMPL,Missing 'marketCap' in stock info
VGIL,Missing 'marketCap' in stock info
INFRABEES,Missing 'marketCap' in stock info
RFLL,Missing 'marketCap' in stock info
ESG,Missing 'marketCap' in stock info
SHINEFASH,Missing 'marketCap' in stock info
MRP,Missing 'marketCap' in stock info
KMEW,Missing 'marketCap' in stock info
EKI,Missing 'marketCap' in stock info
SUUMAYA,Missing 'marketCap' in stock info
RCAN,Missing 'marketCap' in stock info
JETMALL,Missing 'marketCap' in stock info
NAVODAYENT,Missing 'marketCap' in stock info
MAFANG,Missing 'marketCap' in stock info
TIMESGREEN,Missing 'marketCap' in stock info
FOCUS,Missing 'marketCap' in stock info
AAPLUSTRAD,Missing 'marketCap' in stock info
BFSI,Missing 'marketCap' in stock info
ADESHWAR,Missing 'marketCap' in stock info
GCSL,Missing 'marketCap' in stock info
HEALTHIETF,Missing 'marketCap' in stock info
FMCGIETF,Missing 'marketCap' in stock info
SHARPLINE,Missing 'marketCap' in stock info
AASHKA,Missing 'marketCap' in stock info
AXISTECETF,Missing 'marketCap' in stock info
AXISHCETF,Missing 'marketCap' in stock info
AXISCETF,Missing 'marketCap' in stock info
PREVEST,Missing 'marketCap' in stock info
MARKOLINES,Missing 'marketCap' in stock info
MASPTOP50,Missing 'marketCap' in stock info
SBLI,Missing 'marketCap' in stock info
GETALONG,Missing 'marketCap' in stock info
SVRL,Missing 'marketCap' in stock info
POBS,Missing 'marketCap' in stock info
PROMAX,Missing 'marketCap' in stock info
SAMOR,Missing 'marketCap' in stock info
ADISHAKTI,Missing 'marketCap' in stock info
CONSUMIETF,Missing 'marketCap' in stock info
EQUAL50ADD,Missing 'marketCap' in stock info
SGFRL,Missing 'marketCap' in stock info
OMNIPOTENT,Missing 'marketCap' in stock info
DMR,Missing 'marketCap' in stock info
CLARA,Missing 'marketCap' in stock info
MAHKTECH,Missing 'marketCap' in stock info
MONQ50,Missing 'marketCap' in stock info
MIDQ50ADD,Missing 'marketCap' in stock info
BRANDBUCKT,Missing 'marketCap' in stock info
NIFTY50ADD,Missing 'marketCap' in stock info
AUTOIETF,Missing 'marketCap' in stock info
FABINO,Missing 'marketCap' in stock info
ALKOSIGN,Missing 'marketCap' in stock info
QRIL,Missing 'marketCap' in stock info
SSTL,Missing 'marketCap' in stock info
MOMOMENTUM,Missing 'marketCap' in stock info
MAKEINDIA,Missing 'marketCap' in stock info
HEALTHY,Missing 'marketCap' in stock info
TECH,Missing 'marketCap' in stock info
BSLNIFTY,Missing 'marketCap' in stock info
EKENNIS,Missing 'marketCap' in stock info
MIDCAPETF,Missing 'marketCap' in stock info
SPITZE,Missing 'marketCap' in stock info
BCCL,Missing 'marketCap' in stock info
EUREKAFORBE,Missing 'marketCap' in stock info
EVOQ,Missing 'marketCap' in stock info
MOLOWVOL,Missing 'marketCap' in stock info
EIGHTY,Missing 'marketCap' in stock info
DHYAANITR,Missing 'marketCap' in stock info
GLHRL,Missing 'marketCap' in stock info
ACHYUT,Missing 'marketCap' in stock info
SEML,Missing 'marketCap' in stock info
SFSL,Missing 'marketCap' in stock info
NVENTURES,Missing 'marketCap' in stock info
TIERRA,Missing 'marketCap' in stock info
GOEL,Missing 'marketCap' in stock info
SAILANI,Missing 'marketCap' in stock info
MODIS,Missing 'marketCap' in stock info
SILVERPRL,Missing 'marketCap' in stock info
SCARNOSE,Missing 'marketCap' in stock info
FONE4,Missing 'previousClose' in stock info
PGCRL,Missing 'marketCap' in stock info
BRRL,Missing 'marketCap' in stock info
JAYANT,Missing 'marketCap' in stock info
KESAR,Missing 'marketCap' in stock info
VEERKRUPA,Missing 'marketCap' in stock info
HEALTHYLIFE,Missing 'marketCap' in stock info
HDFCNIF100,Missing 'marketCap' in stock info
MOHEALTH,Missing 'marketCap' in stock info
MOM30IETF,Missing 'marketCap' in stock info
HDFCNEXT50,Missing 'marketCap' in stock info
DDEVPLASTIK,Missing 'marketCap' in stock info
INFRAIETF,Missing 'marketCap' in stock info
MOMENTUM,Missing 'marketCap' in stock info
NIFTYQLITY,Missing 'marketCap' in stock info
MOVALUE,Missing 'marketCap' in stock info
MOQUALITY,Missing 'marketCap' in stock info
OLATECH,Missing 'marketCap' in stock info
RHETAN,Missing 'marketCap' in stock info
EPBIO,Missing 'marketCap' in stock info
VOEPL,Missing 'marketCap' in stock info
SISL,Missing 'marketCap' in stock info
NATURO,Missing 'marketCap' in stock info
HDFCQUAL,Missing 'marketCap' in stock info
CONTAINE,Missing 'marketCap' in stock info
HDFCVALUE,Missing 'marketCap' in stock info
TLL,Missing 'marketCap' in stock info
SRSOLTD,Missing 'marketCap' in stock info
MAFIA,Missing 'marketCap' in stock info
REETECH,Missing 'marketCap' in stock info
CARGOTRANS,Missing 'marketCap' in stock info
CNCRD,Missing 'marketCap' in stock info
INA,Missing 'marketCap' in stock info
HDFCGROWTH,Missing 'marketCap' in stock info
CARGOSOL,Missing 'marketCap' in stock info
STML,Missing 'marketCap' in stock info
MAAGHADV,Missing 'marketCap' in stock info
VEDANTASSET,Missing 'marketCap' in stock info
HDFCLOWVOL,Missing 'marketCap' in stock info
HDFCMOMENT,Missing 'marketCap' in stock info
PACE,Missing 'marketCap' in stock info
DAPS,Missing 'marketCap' in stock info
TECHNOPACK,Missing 'marketCap' in stock info
HDFCPVTBAN,Missing 'marketCap' in stock info
HDFCNIFIT,Missing 'marketCap' in stock info
FINIETF,Missing 'marketCap' in stock info
AMBOAGRI,Missing 'marketCap' in stock info
GARGI,Missing 'marketCap' in stock info
COMMOIETF,Missing 'marketCap' in stock info
DRONACHRYA,Missing 'marketCap' in stock info
AVEER,Missing 'marketCap' in stock info
BANKETFADD,Missing 'marketCap' in stock info
REXSEAL,Missing 'marketCap' in stock info
SVS,Missing 'marketCap' in stock info
LOGICA,Missing 'marketCap' in stock info
DHARNI,Missing 'marketCap' in stock info
TRANSVOY,Missing 'marketCap' in stock info
ASHIKA,Missing 'marketCap' in stock info
EARTH,Missing 'marketCap' in stock info
INDONG,Missing 'marketCap' in stock info
HDFCSML250,Missing 'marketCap' in stock info
HDFCBSE500,Missing 'marketCap' in stock info
SEALMATIC,Missing 'marketCap' in stock info
ROBU,Missing 'marketCap' in stock info
HDFCMID150,Missing 'marketCap' in stock info
PATRON,Missing 'marketCap' in stock info
SVJ,Missing 'marketCap' in stock info
ITCONS,Missing 'marketCap' in stock info
AMANAYA,Missing 'marketCap' in stock info
RESGEN,Missing 'marketCap' in stock info
PCL,Missing 'marketCap' in stock info
COMMAND,Missing 'marketCap' in stock info
SUDARSHAN,Missing 'marketCap' in stock info
LABELKRAFT,Missing 'marketCap' in stock info
BRIGHT,Missing 'marketCap' in stock info
PSUBNKIETF,Missing 'marketCap' in stock info
DEVLAB,Missing 'marketCap' in stock info
AXSENSEX,Missing 'marketCap' in stock info
LOWVOL,Missing 'marketCap' in stock info
JAFINANCE,Missing 'marketCap' in stock info
MAIDEN,Missing 'marketCap' in stock info
SANCODE,Missing 'marketCap' in stock info
RETINA,Missing 'marketCap' in stock info
EXHICON,Missing 'marketCap' in stock info
SWATIPRO,Missing 'marketCap' in stock info
INNOKAIZ,Missing 'marketCap' in stock info
CFF,Missing 'marketCap' in stock info
COMRADE,Missing 'marketCap' in stock info
SONALIS,Missing 'marketCap' in stock info
HSIL,Missing 'marketCap' in stock info
ASIAN,Missing 'marketCap' in stock info
COSMICCRF,Missing 'marketCap' in stock info
MACIND,Missing 'marketCap' in stock info
VEEFIN,Missing 'marketCap' in stock info
ALPHAIND,Missing 'marketCap' in stock info
ACCELERATE,Missing 'marketCap' in stock info
AHASOLAR,Missing 'marketCap' in stock info
ITETFADD,Missing 'marketCap' in stock info
BIZOTIC,Missing 'marketCap' in stock info
ASARFI,Missing 'marketCap' in stock info
KAKA,Missing 'marketCap' in stock info
BANKETF,Missing 'marketCap' in stock info
PSUBANKADD,Missing 'marketCap' in stock info
SENSEXADD,Missing 'marketCap' in stock info
INNOVATUS,Missing 'marketCap' in stock info
PVTBANKADD,Missing 'marketCap' in stock info
KHAZANCHI,Missing 'marketCap' in stock info
ATL,Missing 'marketCap' in stock info
TREL,Missing 'marketCap' in stock info
QUAL30IETF,Missing 'marketCap' in stock info
SHELTER,Missing 'marketCap' in stock info
SHOORA,Missing 'marketCap' in stock info
BONDADA,Missing 'marketCap' in stock info
KAHAN,Missing 'marketCap' in stock info
SHRAAITECH,Missing 'marketCap' in stock info
NIFMID150,Missing 'marketCap' in stock info
MESON,Missing 'marketCap' in stock info
NAVINIFTY,Missing 'marketCap' in stock info
TECHKGREEN,Missing 'marketCap' in stock info
SENSEXETF,Missing 'marketCap' in stock info
ORGANICREC,Missing 'marketCap' in stock info
ARCL,Missing 'marketCap' in stock info
CCAL,Missing 'marketCap' in stock info
SUNITATOOL,Missing 'marketCap' in stock info
ITETF,Missing 'marketCap' in stock info
VIVAA,Missing 'marketCap' in stock info
ALPHAETF,Missing 'marketCap' in stock info
VPL,Missing 'marketCap' in stock info
MISHDESIGN,Missing 'marketCap' in stock info
ARROWHEAD,Missing 'marketCap' in stock info
KALYANI,Missing 'marketCap' in stock info
KKSHL,Missing 'marketCap' in stock info
SPL,Missing 'marketCap' in stock info
PROTEAN,Missing 'marketCap' in stock info
DEEPAKCHEM,Missing 'marketCap' in stock info
AMIC,Missing 'marketCap' in stock info
SMARITIME,Missing 'marketCap' in stock info
SHANTIDENM,Missing 'marketCap' in stock info
SBVCL,Missing 'marketCap' in stock info
AIKPIPES,Missing 'marketCap' in stock info
MCPL,Missing 'marketCap' in stock info
SWANAGRO,Missing 'marketCap' in stock info
BENCHMARK,Missing 'marketCap' in stock info
SHILINDORE,Missing 'marketCap' in stock info
SHPLPUNE,Missing 'marketCap' in stock info
SHREE,Missing 'marketCap' in stock info
QLL,Missing 'marketCap' in stock info
NIFTYBETF,Missing 'marketCap' in stock info
EUPHORIAIT,Missing 'marketCap' in stock info
BANKBETF,Missing 'marketCap' in stock info
BRISK,Missing 'marketCap' in stock info
HARSHDEEP,Missing 'marketCap' in stock info
NIFITETF,Missing 'marketCap' in stock info
MCFL,Missing 'marketCap' in stock info
HEALTHADD,Missing 'marketCap' in stock info
JGTL,Missing 'marketCap' in stock info
HDFCPSUBK,Missing 'marketCap' in stock info
GPSL,Missing 'marketCap' in stock info
RUDRAGAS,Missing 'marketCap' in stock info
LICNMID100,Missing 'marketCap' in stock info
KOURA,Missing 'marketCap' in stock info
KPGEL,Missing 'marketCap' in stock info
SMALLCAP,Missing 'marketCap' in stock info
PESB,Missing 'marketCap' in stock info
CHATHA,Missing 'marketCap' in stock info
VRUDDHI,Missing 'marketCap' in stock info
ROYAL,Missing 'marketCap' in stock info
JAYKAILASH,Missing 'marketCap' in stock info
GCONNECT,Missing 'marketCap' in stock info
FAALCON,Missing 'marketCap' in stock info
GVL,Missing 'marketCap' in stock info
VARYAA,Missing 'marketCap' in stock info
EMMFORCE,Missing 'marketCap' in stock info
AMKAY,Missing 'marketCap' in stock info
SAI,Missing 'marketCap' in stock info
TGIF,Missing 'marketCap' in stock info
STAL,Missing 'marketCap' in stock info
AZTEC,Missing 'marketCap' in stock info
FTL,Missing 'marketCap' in stock info
MIDSMALL,Missing 'marketCap' in stock info
PIOTEX,Missing 'marketCap' in stock info
ADTECH,Missing 'marketCap' in stock info
TOTEM,Missing 'marketCap' in stock info
MAGENTA,Missing 'marketCap' in stock info
ASSOCIATED,Missing 'marketCap' in stock info
3CIT,Missing 'marketCap' in stock info
MID150CASE,Missing 'marketCap' in stock info
SATTRIX,Missing 'marketCap' in stock info
PURPLEFIN,Missing 'marketCap' in stock info
COTFAB,Missing 'marketCap' in stock info
BBNPNBETF,Missing 'marketCap' in stock info
GEMENVIRO,Missing 'marketCap' in stock info
DFPL,Missing 'marketCap' in stock info
TOP100CASE,Missing 'marketCap' in stock info
NPL,Missing 'marketCap' in stock info
EVINDIA,Missing 'marketCap' in stock info
THREEMPAPE,Missing 'marketCap' in stock info
SBINEQWETF,Missing 'marketCap' in stock info
ACLD,Missing 'marketCap' in stock info
OILIETF,Missing 'marketCap' in stock info
ABSLPSE,Missing 'marketCap' in stock info
VVIPIL,Missing 'marketCap' in stock info
CTLLAB,Missing 'marketCap' in stock info
KIZI,Missing 'marketCap' in stock info
AFCOM,Missing 'marketCap' in stock info
JUNIORBEES,Missing 'marketCap' in stock info
NIFTYBEES,Missing 'marketCap' in stock info
SENSEXIETF,Missing 'marketCap' in stock info
BANKBEES,Missing 'marketCap' in stock info
PSUBANK,Missing 'marketCap' in stock info
PSUBNKBEES,Missing 'marketCap' in stock info
QNIFTY,Missing 'marketCap' in stock info
MOM50,Missing 'marketCap' in stock info
BANKNIFTY1,Missing 'marketCap' in stock info
SETFNIFBK,Missing 'marketCap' in stock info
SETFNIF50,Missing 'marketCap' in stock info
LUHARUK-RE,Missing 'marketCap' in stock info
SHARIABEES,Missing 'marketCap' in stock info
AIRTELPP,Missing 'marketCap' in stock info
HASJUICE,Missing 'previousClose' in stock info
GRASIMPP,Missing 'marketCap' in stock info
YARNPP,Missing 'marketCap' in stock info
SAVFIPP,Missing 'marketCap' in stock info
AURUMPP,Missing 'marketCap' in stock info
WEBSL,Missing 'previousClose' in stock info
VSFPROJPP,Missing 'marketCap' in stock info
IYKOTPP,Missing 'marketCap' in stock info
ADHIRAJ,Missing 'previousClose' in stock info
